[{"_id":"5ef8624d331a5bfe1199816a","id":"1277016560473911298","author_id":"1168693769778192384","date":"2020-06-27T23:10:48.000Z","favorites":0,"geo":"","permalink":"https://twitter.com/tamayodelvall3/status/1277016560473911298","replies":0,"retweets":0,"scraper_id":"scraper_suicide","text":"¿Has escuchado ‘Dedicatoria En Tiempos De Pandemia.’ de @tamayodelvall3 en #SoundCloud? #np https://soundcloud.com/tamayodelvalle/dedicatoria-en-tiempos-de-pandemia #Podcast #Suicidio","to":null,"username":"tamayodelvall3","about_suicide":1},{"_id":"5ef8624d331a5bfe1199816e","id":"1276973025892630529","author_id":"1276571077301411840","date":"2020-06-27T20:17:49.000Z","favorites":0,"geo":"","permalink":"https://twitter.com/GirlDeathDiary/status/1276973025892630529","replies":0,"retweets":0,"scraper_id":"scraper_suicide","text":"A veces pienso que me gustaría que fuera visible, que la gente lo viera y me preguntara al respecto. Que se dieran cuenta. Que se indignaran. #sad #suicidio #sola","to":null,"username":"GirlDeathDiary","about_suicide":1},{"_id":"5ef8624d331a5bfe11998172","id":"1276968793588334601","author_id":21090827,"date":"2020-06-27T20:00:59.000Z","favorites":0,"geo":"","permalink":"https://twitter.com/tatanGeorge/status/1276968793588334601","replies":0,"retweets":0,"scraper_id":"scraper_suicide","text":"La pandemia del #Suicidio ","to":"elespectador","username":"tatanGeorge","about_suicide":1},{"_id":"5ef8624d331a5bfe11998176","id":"1276949936970629121","author_id":"1002007599284391936","date":"2020-06-27T18:46:04.000Z","favorites":0,"geo":"","permalink":"https://twitter.com/BUSCAND0LACALMA/status/1276949936970629121","replies":0,"retweets":0,"scraper_id":"scraper_suicide","text":"Esa atención puede salvar vidas... #buscandolacalma #ansiedad #depresion #atención #compasion #empatia #salud #amor #saludmental #suicidio #estigma #vida #seekingcalmness #anxiety #depression #attention #life… https://www.instagram.com/p/CB8vdlxDBj1/?igshid=qkr2kjf72b3y","to":null,"username":"BUSCAND0LACALMA","about_suicide":1},{"_id":"5ef8624d331a5bfe1199817a","id":"1276937111510401024","author_id":1910573294,"date":"2020-06-27T17:55:06.000Z","favorites":0,"geo":"","permalink":"https://twitter.com/forodeforos/status/1276937111510401024","replies":0,"retweets":0,"scraper_id":"scraper_suicide","text":" Si te perdiste la Conversación \"El suicidio: tabú inexplicable y asignatura pendiente\" ya puedes ver el vídeo completo o leer un resumen con las conclusiones más importantes de cada uno de los ponentes https://www.forodeforos.org/el-suicidio-tabu-inexplicable-y-asignatura-pendiente/ #Saludmental #Suicidio #Depresión #Foro","to":null,"username":"forodeforos","about_suicide":1},{"_id":"5ef8624d331a5bfe1199817e","id":"1276925024734240768","author_id":266315927,"date":"2020-06-27T17:07:04.000Z","favorites":0,"geo":"","permalink":"https://twitter.com/ShenHui_Lin/status/1276925024734240768","replies":0,"retweets":0,"scraper_id":"scraper_suicide","text":"Cuando la vivencia traumática es tan dura, es posible que surja la Amnesia Disociativo como mecanismo de supervivencia emocional #FelizSabado #BuenSabado #COVID19 #emdr #psicologo #saludmental #trauma #ansiedad #depresion #miedo #suicidio #angustia #crisisdepanico","to":null,"username":"ShenHui_Lin","about_suicide":1},{"_id":"5ef8624d331a5bfe11998182","id":"1276908344763133952","author_id":27493797,"date":"2020-06-27T16:00:47.000Z","favorites":1,"geo":"","permalink":"https://twitter.com/salaslety/status/1276908344763133952","replies":0,"retweets":0,"scraper_id":"scraper_suicide","text":"Cómo lidiar con los pensamientos negativos (la forma saludable) #ansiedad #depresion #triste #saludmental #suicidio #health","to":null,"username":"salaslety","about_suicide":1},{"_id":"5ef8624d331a5bfe11998186","id":"1276893049520443392","author_id":171928333,"date":"2020-06-27T15:00:01.000Z","favorites":0,"geo":"","permalink":"https://twitter.com/ninosdepapel/status/1276893049520443392","replies":0,"retweets":0,"scraper_id":"scraper_suicide","text":"#TemadelaSemana #Suicidio Estos son algunos indicios que puedes tener en cuenta para identificar un posible caso de suicidio. ","to":null,"username":"ninosdepapel","about_suicide":1},{"_id":"5ef8624d331a5bfe1199818a","id":"1276879439960383488","author_id":1025066257,"date":"2020-06-27T14:05:56.000Z","favorites":1,"geo":"","permalink":"https://twitter.com/jesantana1976/status/1276879439960383488","replies":0,"retweets":0,"scraper_id":"scraper_suicide","text":"\"Agencia general del suicidio\" - Jacques Rigaut #JacquesRigaut #Suicidio @AticoLibros #Suicida #Dignidad #Matarse","to":null,"username":"jesantana1976","about_suicide":1},{"_id":"5ef8624d331a5bfe1199818e","id":"1276866338305212422","author_id":"1224442086847602688","date":"2020-06-27T13:13:52.000Z","favorites":0,"geo":"","permalink":"https://twitter.com/JuanJosGuzmn10/status/1276866338305212422","replies":0,"retweets":0,"scraper_id":"scraper_suicide","text":"Feliz #suicidio para el mas #cobarde de todos los tiempos","to":"KarolCariola","username":"JuanJosGuzmn10","about_suicide":1},{"_id":"5ef8624d331a5bfe11998192","id":"1276813778584207360","author_id":2348852802,"date":"2020-06-27T09:45:01.000Z","favorites":1,"geo":"","permalink":"https://twitter.com/johnmancobeach/status/1276813778584207360","replies":0,"retweets":0,"scraper_id":"scraper_suicide","text":"A veces me siento tan vacío... que estoy lleno de vacío. #depresión #suicidio #esperanza #findelostiempos Lagrimas en la lluvia 066 Vacio existencial https://youtu.be/ba_13W6a75E a través de @YouTube","to":null,"username":"johnmancobeach","about_suicide":1},{"_id":"5ef8624d331a5bfe11998196","id":"1276780749316857856","author_id":"1276778414469459969","date":"2020-06-27T07:33:46.000Z","favorites":0,"geo":"","permalink":"https://twitter.com/ColTalk2me/status/1276780749316857856","replies":0,"retweets":0,"scraper_id":"scraper_suicide","text":"Bienvenidos a este espacio libre de juicios, en el cual vamos a tocar temas importantes relacionados con la #saludmental como por ejemplo: #depresión , #ansiedad , #abusosexual , #suicidio , #desordenesalimenticios , entre otros temas, que son realmente comunes actualmente.","to":null,"username":"ColTalk2me","about_suicide":1},{"_id":"5ef8624d331a5bfe1199819a","id":"1276777607783219200","author_id":1415979499,"date":"2020-06-27T07:21:17.000Z","favorites":2,"geo":"","permalink":"https://twitter.com/psicourgencias/status/1276777607783219200","replies":0,"retweets":1,"scraper_id":"scraper_suicide","text":"@psicoprincesa81 finaliza el primer semestre de formación online, el próximo día 2 con Centro de Terapia Cognitivo Conductual en Durango. Curso 3h de Intervención Telefónica en #suicidio en Curso. Inscripciones: España: info@psicologosprincesa81.com Mexico: atencion@cognos.mx ","to":null,"username":"psicourgencias","about_suicide":1},{"_id":"5ef8624d331a5bfe1199819e","id":"1276706278123941888","author_id":"1015405382980784128","date":"2020-06-27T02:37:51.000Z","favorites":1,"geo":"","permalink":"https://twitter.com/luis80024740/status/1276706278123941888","replies":0,"retweets":0,"scraper_id":"scraper_suicide","text":"Cuando más felices parecemos más dolidos estamos por dentro! #yanopuedo #Muerte #suicidio","to":null,"username":"luis80024740","about_suicide":1},{"_id":"5ef8624d331a5bfe119981a2","id":"1276670769125371905","author_id":114100840,"date":"2020-06-27T00:16:45.000Z","favorites":0,"geo":"","permalink":"https://twitter.com/Johana_Duque_/status/1276670769125371905","replies":0,"retweets":0,"scraper_id":"scraper_suicide","text":"Esto NO es un juego. Pónganle cuidado a los pensamientos de #Suicidio ","to":"elespectador","username":"Johana_Duque_","about_suicide":1},{"_id":"5ef86250331a5bfe119981ab","id":"1276962359131754502","author_id":"1224442086847602688","date":"2020-06-27T19:35:25.000Z","favorites":0,"geo":"","permalink":"https://twitter.com/JuanJosGuzmn10/status/1276962359131754502","replies":0,"retweets":0,"scraper_id":"scraper_suicide","text":"Hola Cami Eres muy linda Te dejo una foto para que la imprimas y la pongas en tú linda casa #Suicida = #Cobarde (por las infinitas muertes y desgracias que ocasionó)","to":"camila_vallejo","username":"JuanJosGuzmn10","about_suicide":1},{"_id":"5ef86250331a5bfe119981b2","id":"1276727932585684993","author_id":"1019753394603343872","date":"2020-06-27T04:03:54.000Z","favorites":0,"geo":"","permalink":"https://twitter.com/TinteroBooks/status/1276727932585684993","replies":0,"retweets":0,"scraper_id":"scraper_suicide","text":"#TinteroPublishing te recomienda #Eldía de nuestro querido #TaoMijares. Atrévete a adentrarte en está historia llena de emociones.. Disponible por #Amazon #Eldía #Leeresvivir #TaoMijares #Leyendoando #Suicida… https://www.instagram.com/p/CB7KgbuBnZs/?igshid=1h4dcq0fxht7f","to":null,"username":"TinteroBooks","about_suicide":1},{"_id":"5ef86252331a5bfe119981ba","id":"1276942161397702656","author_id":29264182,"date":"2020-06-27T18:15:10.000Z","favorites":0,"geo":"","permalink":"https://twitter.com/tvbus/status/1276942161397702656","replies":0,"retweets":0,"scraper_id":"scraper_suicide","text":"#Oaxaca #Tuxtpec Este sábado un adolescente de 13 años identificado como Alex Yair N. se #suicidó en su domicilio, ubicado en la col Moderna Tuxtepec, autoridades ya en el lugar. @GobOax @alejandromurat @NTelevisa_com @ImagenTVMex @MVSNoticias @julioastillero @cruzrojaoaxaca","to":null,"username":"tvbus","about_suicide":1},{"_id":"5ef86253331a5bfe119981be","id":"1276942093181546497","author_id":"1202229311849291776","date":"2020-06-27T18:14:54.000Z","favorites":0,"geo":"","permalink":"https://twitter.com/ngelCamarena4/status/1276942093181546497","replies":0,"retweets":0,"scraper_id":"scraper_suicide","text":"#Oaxaca #Tuxtpec Este sábado un adolescente de 13 años identificado como Alex Yair N. se #suicidó en su domicilio, ubicado en la col Moderna Tuxtepec, autoridades ya en el lugar. @GobOax @alejandromurat @NTelevisa_com @ImagenTVMex @MVSNoticias @julioastillero @cruzrojaoaxaca","to":null,"username":"ngelCamarena4","about_suicide":1},{"_id":"5ef86267331a5bfe119983c3","id":"1276664380390850561","author_id":266315927,"date":"2020-06-26T23:51:22.000Z","favorites":1,"geo":"","permalink":"https://twitter.com/ShenHui_Lin/status/1276664380390850561","replies":0,"retweets":0,"scraper_id":"scraper_suicide","text":"Cómo fomentar el Autocuidado Emocional #COVID19 #emdr #psicologo #saludmental #trauma #ansiedad #depresion #miedo #suicidio #angustia #crisisdepanico","to":null,"username":"ShenHui_Lin","about_suicide":1},{"_id":"5ef86267331a5bfe119983c7","id":"1276623446986784769","author_id":1074282858,"date":"2020-06-26T21:08:42.000Z","favorites":0,"geo":"","permalink":"https://twitter.com/GAXILO/status/1276623446986784769","replies":0,"retweets":0,"scraper_id":"scraper_suicide","text":"Cuando haya pasado la #pandemia es posible que la recuperación económica tenga gran repunte normal después d tantos meses parada Los efectos secundarios serán +difíciles d medir El aislamiento y la #pobreza causada podrían incrementar #Violencia criminalidad depresión y #Suicidio","to":null,"username":"GAXILO","about_suicide":1},{"_id":"5ef86267331a5bfe119983cf","id":"1276604662335053827","author_id":569180795,"date":"2020-06-26T19:54:04.000Z","favorites":0,"geo":"","permalink":"https://twitter.com/HSBnoticias/status/1276604662335053827","replies":0,"retweets":0,"scraper_id":"scraper_suicide","text":"Hombre de la tercera edad acabó con su vida tomando veneno #Suicidio #Depresión #Ansiedad","to":null,"username":"HSBnoticias","about_suicide":1},{"_id":"5ef86267331a5bfe119983d7","id":"1276573544651067393","author_id":330473475,"date":"2020-06-26T17:50:25.000Z","favorites":1,"geo":"","permalink":"https://twitter.com/alfepsi/status/1276573544651067393","replies":0,"retweets":2,"scraper_id":"scraper_suicide","text":"Amigas y amigos, compartimos con ustedes la #invitación a una nueva #videoconferencia: \"La prevención del #suicidio, un enfoque #psicosocial\". Impartida por el Dr. Jaime Carmona Parra. Día: Miércoles 1 de julio 2020. Horas por países en http://www.alfepsi.org/video-conferencia-la-prevencion-del-suicidio-un-enfoque-psicosocial/","to":null,"username":"alfepsi","about_suicide":1},{"_id":"5ef86267331a5bfe119983e0","id":"1276562261583282176","author_id":153135912,"date":"2020-06-26T17:05:35.000Z","favorites":0,"geo":"","permalink":"https://twitter.com/raultristan/status/1276562261583282176","replies":0,"retweets":0,"scraper_id":"scraper_suicide","text":"Hay que prestar la atención adecuada a los problemas de #SaludMental. \"Fueron los problemas mentales los que lo atormentaron. A menudo desaparecía por largos períodos de tiempo.\" #depresión #suicidio #SteveBing","to":null,"username":"raultristan","about_suicide":1},{"_id":"5ef86267331a5bfe119983e9","id":"1276545999167729664","author_id":27493797,"date":"2020-06-26T16:00:57.000Z","favorites":0,"geo":"","permalink":"https://twitter.com/salaslety/status/1276545999167729664","replies":0,"retweets":0,"scraper_id":"scraper_suicide","text":"Cómo lidiar con los pensamientos negativos (la forma saludable) #ansiedad #depresion #triste #saludmental #suicidio #health","to":null,"username":"salaslety","about_suicide":1},{"_id":"5ef86267331a5bfe119983f1","id":"1276529432203837440","author_id":1910573294,"date":"2020-06-26T14:55:08.000Z","favorites":1,"geo":"","permalink":"https://twitter.com/forodeforos/status/1276529432203837440","replies":0,"retweets":0,"scraper_id":"scraper_suicide","text":" Si te perdiste la Conversación \"El suicidio: tabú inexplicable y asignatura pendiente\" ya puedes ver el vídeo completo o leer un resumen con las conclusiones más importantes de cada uno de los ponentes https://www.forodeforos.org/el-suicidio-tabu-inexplicable-y-asignatura-pendiente/ #Saludmental #Suicidio #Depresión #Foro","to":null,"username":"forodeforos","about_suicide":1},{"_id":"5ef86267331a5bfe119983fa","id":"1276479793886830595","author_id":1436589091,"date":"2020-06-26T11:37:53.000Z","favorites":56,"geo":"","permalink":"https://twitter.com/psicopedia/status/1276479793886830595","replies":2,"retweets":36,"scraper_id":"scraper_suicide","text":"¿Qué lleva a una persona al #suicidio? ","to":null,"username":"psicopedia","about_suicide":1},{"_id":"5ef86267331a5bfe11998404","id":"1276479689515773955","author_id":"1071970600976039936","date":"2020-06-26T11:37:28.000Z","favorites":0,"geo":"","permalink":"https://twitter.com/Sentidodevida5/status/1276479689515773955","replies":0,"retweets":0,"scraper_id":"scraper_suicide","text":"Sin saberlo mi buen #amigo el #doc Dani me da y le saco información para mi #plan de #suicidio... Les dejo este #DATO... Inyeccion de #potasio causa la #muerte","to":null,"username":"Sentidodevida5","about_suicide":1},{"_id":"5ef86267331a5bfe1199840c","id":"1276459827473113088","author_id":3253396960,"date":"2020-06-26T10:18:33.000Z","favorites":3,"geo":"","permalink":"https://twitter.com/JuanitoLibritos/status/1276459827473113088","replies":1,"retweets":0,"scraper_id":"scraper_suicide","text":"147. #LasCosasExtraordinarias de #DuncanMacMillan, con prólogo y epílogo de @braysefe, según las representaciones hechas en @teatrolara. Editado por @temasdehoy y @Planetadelibros en 2020. #comingofage #SaludMental #teatro #dramaturgia #libreto #suicidio #madrid ","to":null,"username":"JuanitoLibritos","about_suicide":1},{"_id":"5ef86267331a5bfe11998414","id":"1276413654553034752","author_id":387960391,"date":"2020-06-26T07:15:04.000Z","favorites":5,"geo":"","permalink":"https://twitter.com/ActivaMent/status/1276413654553034752","replies":0,"retweets":2,"scraper_id":"scraper_suicide","text":"El peligro oculto del #Suicidio en el #Autismo. Parte del problema es que solo vemos cosas a las que prestamos atención“. https://url2.cl/vZlKV #DetectarRiesgoSuicidio #IdeaciónSuicida #Autolesiones #Depresión #Ansiedad #Acoso #RetosSociales #DificultadesComunicación","to":null,"username":"ActivaMent","about_suicide":1},{"_id":"5ef86267331a5bfe1199841c","id":"1276388362924900353","author_id":"922921376507420672","date":"2020-06-26T05:34:34.000Z","favorites":3,"geo":"","permalink":"https://twitter.com/CECAdicc/status/1276388362924900353","replies":0,"retweets":3,"scraper_id":"scraper_suicide","text":"El consumo de #drogas es un factor de riesgo del #suicidio en la juventud y la vida adulta. #ConadicTeEscucha #MejorConocimientoParaUnMejorCuidado","to":null,"username":"CECAdicc","about_suicide":1},{"_id":"5ef86267331a5bfe11998424","id":"1276354093372657665","author_id":2534042587,"date":"2020-06-26T03:18:24.000Z","favorites":1,"geo":"","permalink":"https://twitter.com/MauricioBahenaG/status/1276354093372657665","replies":0,"retweets":0,"scraper_id":"scraper_suicide","text":"¿Puedo obtener 2 amigos para copiar y volver a publicar? Estoy tratando de demostrar que alguien siempre está escuchando. #Suicide Conciencia 1-800-273-8255 #Suicidio en México 55 52 59 81 21 Sólo dos. Cualquiera de las dos. Copiar, no retweet","to":null,"username":"MauricioBahenaG","about_suicide":1},{"_id":"5ef86267331a5bfe1199842c","id":"1276339397441421312","author_id":"1259973530340528129","date":"2020-06-26T02:20:00.000Z","favorites":1,"geo":"","permalink":"https://twitter.com/cola2delafiesta/status/1276339397441421312","replies":0,"retweets":2,"scraper_id":"scraper_suicide","text":" #EstiloDeVida #DerechoDeADmisión... Antes llamado molestia o acoso, es uno de los fenómenos cuyas consecuencias alcanzan, muchas veces, el #suicidio ","to":null,"username":"cola2delafiesta","about_suicide":1},{"_id":"5ef86267331a5bfe11998435","id":"1276338139150180352","author_id":19818489,"date":"2020-06-26T02:15:00.000Z","favorites":1,"geo":"","permalink":"https://twitter.com/bohemiaonline/status/1276338139150180352","replies":0,"retweets":1,"scraper_id":"scraper_suicide","text":"#Perro entrenado impide intento de #suicidio (+video) https://bit.ly/2NqRj0Z","to":null,"username":"bohemiaonline","about_suicide":1},{"_id":"5ef86267331a5bfe1199843d","id":"1276335033712816129","author_id":407162192,"date":"2020-06-26T02:02:39.000Z","favorites":0,"geo":"","permalink":"https://twitter.com/Periodico5inco/status/1276335033712816129","replies":0,"retweets":0,"scraper_id":"scraper_suicide","text":"Su pareja sentimental lo había dejado recientemente. #Matamoros #suicidio https://bit.ly/3eB49FQ","to":null,"username":"Periodico5inco","about_suicide":1},{"_id":"5ef8626a331a5bfe119984de","id":"1276617853752483841","author_id":1264016365,"date":"2020-06-26T20:46:29.000Z","favorites":0,"geo":"","permalink":"https://twitter.com/elcircotv/status/1276617853752483841","replies":0,"retweets":0,"scraper_id":"scraper_suicide","text":"\"EL CIRCO\":¡Entre un 10 y 15 por ciento de las personas que llaman a la línea #VIVE presentan trastorno #suicida: Francisco Javier Pedroza! https://noticieroelcirco.blogspot.com/2020/06/entre-un-10-y-15-por-ciento-de-las.html?spref=tw","to":null,"username":"elcircotv","about_suicide":1},{"_id":"5ef8626a331a5bfe119984e6","id":"1276616528922923008","author_id":1264016365,"date":"2020-06-26T20:41:13.000Z","favorites":0,"geo":"","permalink":"https://twitter.com/elcircotv/status/1276616528922923008","replies":0,"retweets":0,"scraper_id":"scraper_suicide","text":"¡Entre un 10 y 15 por ciento de las personas que llaman a la línea #VIVE presentan #trastorno #suicida: Francisco Javier Pedroza! https://noticieroelcirco.com/entre-un-10-y-15-por-ciento-de-las-personas-que-llaman-a-la-linea-vive-presentan-trastorno-suicida-francisco-javier-pedroza/","to":null,"username":"elcircotv","about_suicide":1},{"_id":"5ef8626a331a5bfe119984ee","id":"1276603434809122824","author_id":3318051300,"date":"2020-06-26T19:49:11.000Z","favorites":0,"geo":"","permalink":"https://twitter.com/STEinforma/status/1276603434809122824","replies":0,"retweets":0,"scraper_id":"scraper_suicide","text":"#Entérate #Exmilitar se #suicida disparándose en fraccionamiento de #Kanasín","to":null,"username":"STEinforma","about_suicide":1},{"_id":"5ef8626a331a5bfe119984f5","id":"1276603354358185985","author_id":531802314,"date":"2020-06-26T19:48:52.000Z","favorites":0,"geo":"","permalink":"https://twitter.com/cobras_santiago/status/1276603354358185985","replies":0,"retweets":0,"scraper_id":"scraper_suicide","text":"#Entérate #Exmilitar se #suicida disparándose en fraccionamiento de #Kanasín http://suresteinforma.com/noticias/exmilitar-se-suicida-disparandose-en-fraccionamiento-de-kanasin-211981/","to":null,"username":"cobras_santiago","about_suicide":1},{"_id":"5ef8626a331a5bfe119984fb","id":"1276349358850617344","author_id":175922142,"date":"2020-06-26T02:59:35.000Z","favorites":0,"geo":"","permalink":"https://twitter.com/PressLibreMx/status/1276349358850617344","replies":0,"retweets":0,"scraper_id":"scraper_suicide","text":"#SUICIDA | #Entérate. Abigail L., de 24 años de edad, se arrojó la tarde de este jueves 25 de junio de 2020 desde el puente sobre Periférico y Símbolos Patrios. Una ambulancia de la Cruz Roja la trasladó al hospital. Su estado de salud es reportado como “grave”. @cruzrojaoaxaca","to":null,"username":"PressLibreMx","about_suicide":1},{"_id":"5ef8626a331a5bfe11998502","id":"1276310538570653696","author_id":"1264729429311401985","date":"2020-06-26T00:25:19.000Z","favorites":1,"geo":"","permalink":"https://twitter.com/aqua1___/status/1276310538570653696","replies":1,"retweets":0,"scraper_id":"scraper_suicide","text":"Bueno. Me voy a cortar #sad #emo #666謎 #suicida #aesthetic Los detesto.","to":null,"username":"aqua1___","about_suicide":1},{"_id":"5ef8626d331a5bfe11998610","id":"1276646154877521924","author_id":"1224442086847602688","date":"2020-06-26T22:38:56.000Z","favorites":1,"geo":"","permalink":"https://twitter.com/JuanJosGuzmn10/status/1276646154877521924","replies":0,"retweets":1,"scraper_id":"scraper_suicide","text":"Y además es cobarde el muy #Mamama Se #suicido Fue y es un cobarde ","to":"PCdeChile","username":"JuanJosGuzmn10","about_suicide":1},{"_id":"5ef8626d331a5bfe11998614","id":"1276567903156961280","author_id":1264016365,"date":"2020-06-26T17:28:00.000Z","favorites":0,"geo":"","permalink":"https://twitter.com/elcircotv/status/1276567903156961280","replies":0,"retweets":0,"scraper_id":"scraper_suicide","text":"\"EL CIRCO\":¡Hombre se #suicidó degollándose y cortándose las venas de los brazos en #Lagos de Moreno! https://noticieroelcirco.blogspot.com/2020/06/hombre-se-suicido-degollandose-y.html?spref=tw","to":null,"username":"elcircotv","about_suicide":1},{"_id":"5ef8626d331a5bfe11998618","id":"1276566944133591041","author_id":1264016365,"date":"2020-06-26T17:24:11.000Z","favorites":0,"geo":"","permalink":"https://twitter.com/elcircotv/status/1276566944133591041","replies":0,"retweets":0,"scraper_id":"scraper_suicide","text":"¡Hombre se #suicidó #degollándose y cortándose las venas de los brazos en #Lagos de Moreno! https://noticieroelcirco.com/hombre-se-suicido-degollandose-y-cortandose-las-venas-de-los-brazos-en-lagos-de-moreno/","to":null,"username":"elcircotv","about_suicide":1},{"_id":"5ef86283331a5bfe1199893c","id":"1276298639120519171","author_id":569180795,"date":"2020-06-25T23:38:02.000Z","favorites":0,"geo":"","permalink":"https://twitter.com/HSBnoticias/status/1276298639120519171","replies":0,"retweets":0,"scraper_id":"scraper_suicide","text":"#INTERNACIONAL #Suicidio de joven #estrella de #TikTok causa conmoción en #NuevaDelhi","to":null,"username":"HSBnoticias","about_suicide":1},{"_id":"5ef86283331a5bfe11998940","id":"1276289399697874945","author_id":"1136759085070598144","date":"2020-06-25T23:01:19.000Z","favorites":1,"geo":"","permalink":"https://twitter.com/ShowNews20/status/1276289399697874945","replies":0,"retweets":0,"scraper_id":"scraper_suicide","text":"Lupe Vélez intentó quitarse la vida de una manera pero no funcionó, sin embargo todo se acabó pronto, aún siendo la primera actriz mexicana de Hollywood. #LupeVelez #Hollywood #suicidio ","to":null,"username":"ShowNews20","about_suicide":1},{"_id":"5ef86283331a5bfe11998944","id":"1276280466795048960","author_id":"1276257315033878540","date":"2020-06-25T22:25:50.000Z","favorites":0,"geo":"","permalink":"https://twitter.com/MTuyuyo/status/1276280466795048960","replies":0,"retweets":0,"scraper_id":"scraper_suicide","text":"Como se llama un #suicidio así? ","to":"extinguiendonos","username":"MTuyuyo","about_suicide":1},{"_id":"5ef86283331a5bfe11998948","id":"1276256602014617600","author_id":"893917782697541632","date":"2020-06-25T20:51:00.000Z","favorites":0,"geo":"","permalink":"https://twitter.com/OlavarriaRamos/status/1276256602014617600","replies":0,"retweets":0,"scraper_id":"scraper_suicide","text":"“HA PASADO A MEJOR VIDA”, artículo publicado en @tododisca Sobre el #Suicidio y su #Prevencion https://www.tododisca.com/ha-pasado-a-mejor-vida/","to":null,"username":"OlavarriaRamos","about_suicide":1},{"_id":"5ef86283331a5bfe1199894c","id":"1276212292582072322","author_id":"1203367803564240897","date":"2020-06-25T17:54:56.000Z","favorites":5,"geo":"","permalink":"https://twitter.com/CecaOaxaca/status/1276212292582072322","replies":0,"retweets":0,"scraper_id":"scraper_suicide","text":"El consumo de #drogas es un factor de riesgo del #suicidio en la juventud y la vida adulta. #ConadicTeEscucha #MejorConocimientoParaUnMejorCuidado","to":null,"username":"CecaOaxaca","about_suicide":1},{"_id":"5ef86283331a5bfe11998950","id":"1276208535047733250","author_id":19818489,"date":"2020-06-25T17:40:00.000Z","favorites":0,"geo":"","permalink":"https://twitter.com/bohemiaonline/status/1276208535047733250","replies":0,"retweets":0,"scraper_id":"scraper_suicide","text":"#Perro entrenado impide intento de #suicidio (+video) https://bit.ly/2NqRj0Z","to":null,"username":"bohemiaonline","about_suicide":1},{"_id":"5ef86283331a5bfe11998954","id":"1276183607481110528","author_id":27493797,"date":"2020-06-25T16:00:57.000Z","favorites":1,"geo":"","permalink":"https://twitter.com/salaslety/status/1276183607481110528","replies":0,"retweets":0,"scraper_id":"scraper_suicide","text":"Cómo lidiar con los pensamientos negativos (la forma saludable) #ansiedad #depresion #triste #saludmental #suicidio #health","to":null,"username":"salaslety","about_suicide":1},{"_id":"5ef86283331a5bfe11998958","id":"1276177292658688001","author_id":"703950360508026881","date":"2020-06-25T15:35:51.000Z","favorites":0,"geo":"","permalink":"https://twitter.com/mov_jupsin/status/1276177292658688001","replies":0,"retweets":0,"scraper_id":"scraper_suicide","text":"#Trabajo concluye que la difusión de los vídeos sexuales de la #trabajadora de #Iveco no provocó su #suicidio https://www.lasexta.com/noticias/sociedad/trabajo-concluye-que-difusion-videos-sexuales-trabajadora-iveco-provoco-suicidio_202006255ef4882b3c94320001623c09.html #movimientojupsin #gentejupsin Información para decidir","to":null,"username":"mov_jupsin","about_suicide":1},{"_id":"5ef86283331a5bfe1199895c","id":"1276174181873389572","author_id":19818489,"date":"2020-06-25T15:23:29.000Z","favorites":0,"geo":"","permalink":"https://twitter.com/bohemiaonline/status/1276174181873389572","replies":0,"retweets":0,"scraper_id":"scraper_suicide","text":"#Perro entrenado impide intento de #suicidio (+video) https://bit.ly/2NqRj0Z","to":null,"username":"bohemiaonline","about_suicide":1},{"_id":"5ef86283331a5bfe11998960","id":"1276169852949053440","author_id":494858518,"date":"2020-06-25T15:06:17.000Z","favorites":1,"geo":"","permalink":"https://twitter.com/Agifes/status/1276169852949053440","replies":0,"retweets":0,"scraper_id":"scraper_suicide","text":"Las personas con patologías mentales han debido adaptarse a una nueva realidad dentro de su propio proceso de adaptación al entorno. “Durante la cuarentena, los intentos de #suicidio han pasado de un 2% de casos a un 8%\" https://bit.ly/2CHE21R vía @elconfidencial","to":null,"username":"Agifes","about_suicide":1},{"_id":"5ef86283331a5bfe11998964","id":"1276163440378286083","author_id":"1273684994754351104","date":"2020-06-25T14:40:48.000Z","favorites":0,"geo":"","permalink":"https://twitter.com/CAPA_PLAYA/status/1276163440378286083","replies":0,"retweets":0,"scraper_id":"scraper_suicide","text":"El consumo de #drogas es un factor de riesgo del #suicidio en la juventud y la vida adulta. #ConadicTeEscucha #MejorConocimientoParaUnMejorCuidado ","to":null,"username":"CAPA_PLAYA","about_suicide":1},{"_id":"5ef86283331a5bfe11998968","id":"1276154636563611648","author_id":614594906,"date":"2020-06-25T14:05:49.000Z","favorites":0,"geo":"","permalink":"https://twitter.com/psicosomahuelva/status/1276154636563611648","replies":0,"retweets":0,"scraper_id":"scraper_suicide","text":"¿Qué lleva a una persona al #suicidio? ","to":null,"username":"psicosomahuelva","about_suicide":1},{"_id":"5ef86283331a5bfe1199896c","id":"1276144213994987523","author_id":1415979499,"date":"2020-06-25T13:24:24.000Z","favorites":1,"geo":"","permalink":"https://twitter.com/psicourgencias/status/1276144213994987523","replies":0,"retweets":1,"scraper_id":"scraper_suicide","text":"@psicoprincesa81 colabora hoy con TV Bolivia El Mañanero Cbba, en una entrevista sobre #suicidio. Gracias por su confianza! ","to":null,"username":"psicourgencias","about_suicide":1},{"_id":"5ef86283331a5bfe11998970","id":"1276108357091373058","author_id":334747582,"date":"2020-06-25T11:01:55.000Z","favorites":17,"geo":"","permalink":"https://twitter.com/CONADICmx/status/1276108357091373058","replies":0,"retweets":10,"scraper_id":"scraper_suicide","text":"El consumo de #drogas es un factor de riesgo del #suicidio en la juventud y la vida adulta. #ConadicTeEscucha #MejorConocimientoParaUnMejorCuidado pic.twitter.com/oFWATOUHhA","to":null,"username":"CONADICmx","about_suicide":1},{"_id":"5ef86283331a5bfe11998974","id":"1276093998550126593","author_id":262097196,"date":"2020-06-25T10:04:52.000Z","favorites":0,"geo":"","permalink":"https://twitter.com/MujeresIgualdad/status/1276093998550126593","replies":0,"retweets":1,"scraper_id":"scraper_suicide","text":"Inspección de #Trabajo considera que la difusión del #vídeosexual de la trabajadora de #Iveco no influyó en su #suicidio. Señala que \"el problema de la trabajadora no se encontraba tanto en el entorno #laboral, sino en el personal\".","to":null,"username":"MujeresIgualdad","about_suicide":1},{"_id":"5ef86283331a5bfe11998978","id":"1276048042320420864","author_id":172703719,"date":"2020-06-25T07:02:15.000Z","favorites":3,"geo":"","permalink":"https://twitter.com/anisalud/status/1276048042320420864","replies":1,"retweets":5,"scraper_id":"scraper_suicide","text":"Si la semana pasada no pudiste seguir en directo el #Debate de @forodeforos sobre el \"#Suicidio: tabú inexplicable y asignatura pendiente\", no te lo pierdas en vídeo https://youtu.be/10REIOiVwv4","to":null,"username":"anisalud","about_suicide":1},{"_id":"5ef86283331a5bfe1199897c","id":"1276046231085682688","author_id":1910573294,"date":"2020-06-25T06:55:03.000Z","favorites":0,"geo":"","permalink":"https://twitter.com/forodeforos/status/1276046231085682688","replies":0,"retweets":0,"scraper_id":"scraper_suicide","text":" Si te perdiste la Conversación \"El suicidio: tabú inexplicable y asignatura pendiente\" ya puedes ver el vídeo completo o leer un resumen con las conclusiones más importantes de cada uno de los ponentes https://www.forodeforos.org/el-suicidio-tabu-inexplicable-y-asignatura-pendiente/ #Saludmental #Suicidio #Depresión #Foro","to":null,"username":"forodeforos","about_suicide":1},{"_id":"5ef86283331a5bfe11998981","id":"1276011815030394880","author_id":"1059087321046355969","date":"2020-06-25T04:38:18.000Z","favorites":2,"geo":"","permalink":"https://twitter.com/673th/status/1276011815030394880","replies":0,"retweets":0,"scraper_id":"scraper_suicide","text":"yo iba a ir a clase pero es que han puesto las rankeds del valorant y el grindeo nunca para #gobigorgohome #fazefitness #veganshit #suicidio","to":null,"username":"673th","about_suicide":1},{"_id":"5ef86283331a5bfe11998986","id":"1276000257889972224","author_id":206209833,"date":"2020-06-25T03:52:23.000Z","favorites":0,"geo":"","permalink":"https://twitter.com/DiaADiaNews1/status/1276000257889972224","replies":0,"retweets":0,"scraper_id":"scraper_suicide","text":"El #suicidio de #SteveBing pudo haber sido detonado por varias #causas","to":null,"username":"DiaADiaNews1","about_suicide":1},{"_id":"5ef86283331a5bfe1199898a","id":"1275967612678266886","author_id":"1033190564202795009","date":"2020-06-25T01:42:39.000Z","favorites":0,"geo":"","permalink":"https://twitter.com/Lexiel117/status/1275967612678266886","replies":1,"retweets":0,"scraper_id":"scraper_suicide","text":"Todo, poco a poco me di cuenta que nunca tuve infancia y en la actualidad no tuve una adolescencia (tengo 16 años) mi felicidad no existía, ya que no tengo en alguien en quien confíar y no existe nadie que se preocupe en gran medida por mí. #suicidio #soledad","to":null,"username":"Lexiel117","about_suicide":1},{"_id":"5ef86283331a5bfe1199898e","id":"1275946009378553856","author_id":1436589091,"date":"2020-06-25T00:16:49.000Z","favorites":20,"geo":"","permalink":"https://twitter.com/psicopedia/status/1275946009378553856","replies":0,"retweets":14,"scraper_id":"scraper_suicide","text":"5 consejos para prevenir el #suicidio en adolescentes ","to":null,"username":"psicopedia","about_suicide":1},{"_id":"5ef86286331a5bfe119989e7","id":"1276197366442459142","author_id":"1019753394603343872","date":"2020-06-25T16:55:37.000Z","favorites":0,"geo":"","permalink":"https://twitter.com/TinteroBooks/status/1276197366442459142","replies":0,"retweets":0,"scraper_id":"scraper_suicide","text":"#TinteroPublishing te recomienda #Eldía de nuestro querido #TaoMijares. Atrévete a adentrarte en está historia llena de emociones.. Disponible por #Amazon #Eldía #Leeresvivir #TaoMijares #Leyendoando #Suicida… https://www.instagram.com/p/CB3ZO4JBtCs/?igshid=1c2q64ndvq7wt","to":null,"username":"TinteroBooks","about_suicide":1},{"_id":"5ef86286331a5bfe119989eb","id":"1275954108097331200","author_id":"1244741951083159561","date":"2020-06-25T00:49:00.000Z","favorites":0,"geo":"","permalink":"https://twitter.com/rumiandoando/status/1275954108097331200","replies":0,"retweets":0,"scraper_id":"scraper_suicide","text":"Al menos el 80% de las personas que cometen un acto #suicida lo han expresado de una u otra manera previamente. Expresiones como \" quisiera morir \" o \" he pensado en matarme\", así como cualquier intento de auto-lesión debe ser tomando en cuenta en lugar de ser reprimidas.","to":null,"username":"rumiandoando","about_suicide":1},{"_id":"5ef8629d331a5bfe1199900e","id":"1275926460696539142","author_id":407162192,"date":"2020-06-24T22:59:08.000Z","favorites":0,"geo":"","permalink":"https://twitter.com/Periodico5inco/status/1275926460696539142","replies":0,"retweets":1,"scraper_id":"scraper_suicide","text":"Fue su mamá quien lo encontró, lo descolgó y le trató de salvar la vida. #MenorDeedad #Suicidio https://bit.ly/2VcF1gH","to":null,"username":"Periodico5inco","about_suicide":1},{"_id":"5ef8629d331a5bfe11999012","id":"1275916987013697538","author_id":"1272102478444736514","date":"2020-06-24T22:21:29.000Z","favorites":0,"geo":"","permalink":"https://twitter.com/PazAmor36643071/status/1275916987013697538","replies":0,"retweets":0,"scraper_id":"scraper_suicide","text":"Estáis llevando al #suicidio a cientos de #españoles Basta ya #GobiernoDelBulo #GobiernoCriminal @anarosaq @elprogramadear @El_Hormiguero @todoesmentiratv #Suicidios #Paro #ErteSinCobrar","to":"policia","username":"PazAmor36643071","about_suicide":1},{"_id":"5ef8629d331a5bfe11999016","id":"1275905788905750529","author_id":851249880,"date":"2020-06-24T21:36:59.000Z","favorites":0,"geo":"","permalink":"https://twitter.com/FConvivencia/status/1275905788905750529","replies":0,"retweets":0,"scraper_id":"scraper_suicide","text":"En esta ocasión el tema central de nuestra Revista de Educación fue el suicidio, esperamos sus artículos y el tono de los mismos brinden herramientas para el conocimiento y prevención de este flagelo que se incrementa en nuestra sociedad. https://url2.cl/bpv6v #suicidio ","to":null,"username":"FConvivencia","about_suicide":1},{"_id":"5ef8629d331a5bfe1199901a","id":"1275892710726131712","author_id":1691491387,"date":"2020-06-24T20:45:01.000Z","favorites":8,"geo":"","permalink":"https://twitter.com/laqueyanoesta/status/1275892710726131712","replies":1,"retweets":0,"scraper_id":"scraper_suicide","text":"Mientras nadie me presuma le pertenezco al gimnasio #NopainNogain #Fit #Club #Cerro #Luxury #Nike #Audi #Esfuerzo #Lagrimas #Suicidio","to":null,"username":"laqueyanoesta","about_suicide":1},{"_id":"5ef8629d331a5bfe1199901e","id":"1275878879400509441","author_id":1910573294,"date":"2020-06-24T19:50:04.000Z","favorites":2,"geo":"","permalink":"https://twitter.com/forodeforos/status/1275878879400509441","replies":0,"retweets":1,"scraper_id":"scraper_suicide","text":" Si te perdiste la Conversación \"El suicidio: tabú inexplicable y asignatura pendiente\" ya puedes ver el vídeo completo o leer un resumen con las conclusiones más importantes de cada uno de los ponentes https://www.forodeforos.org/el-suicidio-tabu-inexplicable-y-asignatura-pendiente/ #Saludmental #Suicidio #Depresión #Foro","to":null,"username":"forodeforos","about_suicide":1},{"_id":"5ef8629d331a5bfe11999022","id":"1275856158792785920","author_id":1436589091,"date":"2020-06-24T18:19:47.000Z","favorites":14,"geo":"","permalink":"https://twitter.com/psicopedia/status/1275856158792785920","replies":0,"retweets":2,"scraper_id":"scraper_suicide","text":"La prevención del #suicidio desde los medios de comunicación ","to":null,"username":"psicopedia","about_suicide":1},{"_id":"5ef8629d331a5bfe11999026","id":"1275826014900432897","author_id":188772094,"date":"2020-06-24T16:20:00.000Z","favorites":6,"geo":"","permalink":"https://twitter.com/MexicoSocial_/status/1275826014900432897","replies":2,"retweets":3,"scraper_id":"scraper_suicide","text":"\"Según el @INEGI_INFORMA, entre 2008 y 2017 se registró un total de 57,751 casos de #Suicidio. Lee: https://bit.ly/2m21Dlo y #HazViralLoSocial\"","to":null,"username":"MexicoSocial_","about_suicide":1},{"_id":"5ef8629d331a5bfe1199902a","id":"1275821115802353664","author_id":27493797,"date":"2020-06-24T16:00:32.000Z","favorites":0,"geo":"","permalink":"https://twitter.com/salaslety/status/1275821115802353664","replies":0,"retweets":0,"scraper_id":"scraper_suicide","text":"Cómo lidiar con los pensamientos negativos (la forma saludable) #ansiedad #depresion #triste #saludmental #suicidio #health","to":null,"username":"salaslety","about_suicide":1},{"_id":"5ef8629d331a5bfe1199902e","id":"1275821013708820485","author_id":150364607,"date":"2020-06-24T16:00:07.000Z","favorites":0,"geo":"","permalink":"https://twitter.com/diariotiemposur/status/1275821013708820485","replies":0,"retweets":0,"scraper_id":"scraper_suicide","text":"#SantaCruz #Policía #Suicidio #Prevención #Fuerzas #Capacitación Un flagelo del cual “no se habla” en las fuerza https://j.mp/2Yx9cl7","to":null,"username":"diariotiemposur","about_suicide":1},{"_id":"5ef8629d331a5bfe11999032","id":"1275819560805883904","author_id":76019802,"date":"2020-06-24T15:54:21.000Z","favorites":0,"geo":"","permalink":"https://twitter.com/LaVerdadAgs/status/1275819560805883904","replies":0,"retweets":0,"scraper_id":"scraper_suicide","text":"HOMBRE SE AHORCÓ EN LA REGADERA DE SU CASA https://laverdaddelcentro.com/2020/06/24/hombre-se-ahorco-en-la-regadera-de-su-casa/ #Aguascalientes #suicidio ","to":null,"username":"LaVerdadAgs","about_suicide":1},{"_id":"5ef8629d331a5bfe11999036","id":"1275813432353267713","author_id":3237466747,"date":"2020-06-24T15:30:00.000Z","favorites":0,"geo":"","permalink":"https://twitter.com/ElSoldelCentro_/status/1275813432353267713","replies":0,"retweets":0,"scraper_id":"scraper_suicide","text":"#Policiaca #Local Fueron sus familiares quienes lo encontraron suspendido y reportaron a las autoridades #Aguascalientes #Colgado #Suicidio #Hombre","to":null,"username":"ElSoldelCentro_","about_suicide":1},{"_id":"5ef8629d331a5bfe1199903a","id":"1275804385034014734","author_id":"865354495991087104","date":"2020-06-24T14:54:03.000Z","favorites":0,"geo":"","permalink":"https://twitter.com/5toPoderqroo/status/1275804385034014734","replies":0,"retweets":0,"scraper_id":"scraper_suicide","text":"MUJER SE QUITA LA VIDA EN CANCÚN Vecina realiza el hallazgo del cuerpo colgando en una vivienda de la región 259 Más información https://quintopoderqrp.com/2020/06/24/mujer-se-quita-la-vida-en-cancun/ #Suicidio #Cancún #VillasOtoch #Mujer","to":null,"username":"5toPoderqroo","about_suicide":1},{"_id":"5ef8629d331a5bfe1199903e","id":"1275799118800211968","author_id":217595423,"date":"2020-06-24T14:33:07.000Z","favorites":0,"geo":"","permalink":"https://twitter.com/ElDivanDeIrene/status/1275799118800211968","replies":0,"retweets":0,"scraper_id":"scraper_suicide","text":"Es MUY importante visibilizar el serio problema del #suicidio desde una perspectiva práctica y positiva de prevención. NO hay excusa para no esforzarse en intervenir a tiempo. El seguimiento a largo plazo de la #depresión es esencial.","to":null,"username":"ElDivanDeIrene","about_suicide":1},{"_id":"5ef8629d331a5bfe11999042","id":"1275797875159642113","author_id":161740281,"date":"2020-06-24T14:28:11.000Z","favorites":1,"geo":"","permalink":"https://twitter.com/singernutrition/status/1275797875159642113","replies":0,"retweets":0,"scraper_id":"scraper_suicide","text":"#depresion y #suicidio. No quiero escribir nada al respecto, mejor hablemos. ","to":null,"username":"singernutrition","about_suicide":1},{"_id":"5ef8629d331a5bfe11999046","id":"1275795242550267905","author_id":"803102095008301056","date":"2020-06-24T14:17:43.000Z","favorites":16,"geo":"","permalink":"https://twitter.com/stuartnene/status/1275795242550267905","replies":2,"retweets":1,"scraper_id":"scraper_suicide","text":"Mientras nadie me presuma le pertenezco al gimnasio #NopainNogain #Fit #Club #Cerro #Luxury #Nike #Audi #Esfuerzo #Lagrimas #Suicidio","to":null,"username":"stuartnene","about_suicide":1},{"_id":"5ef8629d331a5bfe1199904c","id":"1275792953106202625","author_id":"958543356132544513","date":"2020-06-24T14:08:37.000Z","favorites":0,"geo":"","permalink":"https://twitter.com/JullioVyllaco1/status/1275792953106202625","replies":0,"retweets":0,"scraper_id":"scraper_suicide","text":"Parte IX CARTA de #suicidio Por: #jullioVyllaco","to":null,"username":"JullioVyllaco1","about_suicide":1},{"_id":"5ef8629d331a5bfe11999050","id":"1275792656929521665","author_id":"958543356132544513","date":"2020-06-24T14:07:27.000Z","favorites":0,"geo":"","permalink":"https://twitter.com/JullioVyllaco1/status/1275792656929521665","replies":0,"retweets":0,"scraper_id":"scraper_suicide","text":"Parte: VIII CARTA de #suicidio Por #jullioVyllaco","to":null,"username":"JullioVyllaco1","about_suicide":1},{"_id":"5ef8629d331a5bfe11999054","id":"1275791934171340800","author_id":"958543356132544513","date":"2020-06-24T14:04:34.000Z","favorites":0,"geo":"","permalink":"https://twitter.com/JullioVyllaco1/status/1275791934171340800","replies":0,"retweets":0,"scraper_id":"scraper_suicide","text":"Parte VI CARTA de #suicidio Por: #Julliovyllaco","to":null,"username":"JullioVyllaco1","about_suicide":1},{"_id":"5ef8629d331a5bfe11999058","id":"1275791665362612226","author_id":"958543356132544513","date":"2020-06-24T14:03:30.000Z","favorites":0,"geo":"","permalink":"https://twitter.com/JullioVyllaco1/status/1275791665362612226","replies":0,"retweets":0,"scraper_id":"scraper_suicide","text":"Parte V CARTA de #suicidio Por: #JullioVyllaco","to":null,"username":"JullioVyllaco1","about_suicide":1},{"_id":"5ef8629d331a5bfe1199905c","id":"1275791429525217281","author_id":321093422,"date":"2020-06-24T14:02:34.000Z","favorites":0,"geo":"","permalink":"https://twitter.com/JimenaRse/status/1275791429525217281","replies":0,"retweets":2,"scraper_id":"scraper_suicide","text":"Steve Bing productor de cine multimillonario, filantropo y amigo de Clinton, se lanzó de un piso °27 el pasado lunes en #LosAngeles. Get Carter y Polar Express fueron algunas de sus producciones #Cine #Suicidio #SuicideAwareness #CinemaAtHome","to":null,"username":"JimenaRse","about_suicide":1},{"_id":"5ef8629d331a5bfe11999060","id":"1275790631751897088","author_id":"958543356132544513","date":"2020-06-24T13:59:24.000Z","favorites":0,"geo":"","permalink":"https://twitter.com/JullioVyllaco1/status/1275790631751897088","replies":0,"retweets":0,"scraper_id":"scraper_suicide","text":"Carta #suicidio Parte 2 ","to":null,"username":"JullioVyllaco1","about_suicide":1},{"_id":"5ef8629e331a5bfe11999064","id":"1275787691477676033","author_id":"1258708007766106112","date":"2020-06-24T13:47:43.000Z","favorites":1,"geo":"","permalink":"https://twitter.com/My_Celestia/status/1275787691477676033","replies":0,"retweets":0,"scraper_id":"scraper_suicide","text":"Es como si una parte de mi quisiera hacer algo al respecto, pero por otro lado tengo claro que es retrasar lo inevitable. Es como una burbuja irrompible que me permite ver cómo pasa la vida sin que yo pueda hacer nada. Asfixiante. Se puede salir? #suicidio #ayuda #soyautista","to":null,"username":"My_Celestia","about_suicide":1},{"_id":"5ef8629e331a5bfe11999068","id":"1275783249210597378","author_id":277705059,"date":"2020-06-24T13:30:04.000Z","favorites":1,"geo":"","permalink":"https://twitter.com/MCavanillas/status/1275783249210597378","replies":0,"retweets":2,"scraper_id":"scraper_suicide","text":"Hay un montón de cosas necesarias en prevención del #suicidio; una, la que comentas; muchas otras como: planes de prevención,más formacion a profesionales, mas visibilizar, mas “desestigmatizar”... entre todos vamos avanzando para que vaya mejorando. Este mismo hilo es un paso! ","to":"kilnerevonnet","username":"MCavanillas","about_suicide":1},{"_id":"5ef8629e331a5bfe1199906c","id":"1275774869347749888","author_id":"1234506538762612737","date":"2020-06-24T12:56:46.000Z","favorites":0,"geo":"","permalink":"https://twitter.com/ElAndaluz_Tja/status/1275774869347749888","replies":0,"retweets":0,"scraper_id":"scraper_suicide","text":"#24DeJunio #suicidio #Policiales Un dirigente de una OTB se quita la vida, su padre afirmo que trabajaba a presión http://andaluztarija.com/2020/06/24/un-dirigente-de-una-otb-se-quita-la-vida-su-padre-afirmo-que-trabajaba-a-presion/#.XvNNdOExf48.twitter a través de @ElAndaluz_Tja","to":null,"username":"ElAndaluz_Tja","about_suicide":1},{"_id":"5ef8629e331a5bfe11999070","id":"1275764540093935616","author_id":208217960,"date":"2020-06-24T12:15:43.000Z","favorites":20,"geo":"","permalink":"https://twitter.com/alfredomartiz/status/1275764540093935616","replies":1,"retweets":13,"scraper_id":"scraper_suicide","text":"Cápsula salud: #Suicidio. Según la OMS cada día se suicidan 1110 personas y lo intentan otras más sin distingos de etnia, geografía o posición socioeconómica. Foto: “10 cosas que los padres pueden hacer para prevenir el suicidio”. Fuente: ‘American Academy of Pediatrics’ ","to":null,"username":"alfredomartiz","about_suicide":1},{"_id":"5ef8629e331a5bfe11999074","id":"1275753244774498304","author_id":618094149,"date":"2020-06-24T11:30:50.000Z","favorites":5,"geo":"","permalink":"https://twitter.com/consaludmental/status/1275753244774498304","replies":0,"retweets":6,"scraper_id":"scraper_suicide","text":" El presidente de #SaludMentalEspaña, Nel A. González, participó en este foro on line de prevención del #suicidio https://youtu.be/10REIOiVwv4 vía @forodeforos. Puedes verlo en vídeo ","to":null,"username":"consaludmental","about_suicide":1},{"_id":"5ef8629e331a5bfe1199907b","id":"1275723338061615105","author_id":1844147502,"date":"2020-06-24T09:32:00.000Z","favorites":6,"geo":"","permalink":"https://twitter.com/PIR_PsicoyEdu/status/1275723338061615105","replies":0,"retweets":5,"scraper_id":"scraper_suicide","text":"'Ante un suicidio: ¿cómo puedo vivir con este dolor?' #psicología #suicidio #estudios @CopMadrid","to":null,"username":"PIR_PsicoyEdu","about_suicide":1},{"_id":"5ef8629e331a5bfe11999083","id":"1275612509626601473","author_id":3897004573,"date":"2020-06-24T02:11:36.000Z","favorites":0,"geo":"","permalink":"https://twitter.com/AgenciaVmc/status/1275612509626601473","replies":0,"retweets":0,"scraper_id":"scraper_suicide","text":"Desagradable sorpresa se llevó un empleado cuando al acudir a visitar a su padre lo encontró ahorcado. #Muerto #NLD #NuevoLaredo #Tamaulipas #suicidio ","to":null,"username":"AgenciaVmc","about_suicide":1},{"_id":"5ef8629e331a5bfe1199908a","id":"1275590725875445760","author_id":569180795,"date":"2020-06-24T00:45:03.000Z","favorites":0,"geo":"","permalink":"https://twitter.com/HSBnoticias/status/1275590725875445760","replies":0,"retweets":0,"scraper_id":"scraper_suicide","text":"No aguantó: De un #tiro en el pecho un hombre puso fin a sus días en #Tunja #Suicidio ","to":null,"username":"HSBnoticias","about_suicide":1},{"_id":"5ef862b7331a5bfe11999581","id":"1275572157662351360","author_id":515695001,"date":"2020-06-23T23:31:16.000Z","favorites":0,"geo":"","permalink":"https://twitter.com/Cronicadexalapa/status/1275572157662351360","replies":0,"retweets":0,"scraper_id":"scraper_suicide","text":"#Farándula Muere el productor #SteveBing al caer de un #rascacielos; se presume #suicidio ","to":null,"username":"Cronicadexalapa","about_suicide":1},{"_id":"5ef862b7331a5bfe11999589","id":"1275568618298884098","author_id":407162192,"date":"2020-06-23T23:17:12.000Z","favorites":0,"geo":"","permalink":"https://twitter.com/Periodico5inco/status/1275568618298884098","replies":0,"retweets":0,"scraper_id":"scraper_suicide","text":"Se desconoce las razones del sujeto para atentar contra su vida. #Suicidio #Ahorcado https://bit.ly/2zYhNDL","to":null,"username":"Periodico5inco","about_suicide":1},{"_id":"5ef862b7331a5bfe11999591","id":"1275558212251631617","author_id":334747582,"date":"2020-06-23T22:35:51.000Z","favorites":17,"geo":"","permalink":"https://twitter.com/CONADICmx/status/1275558212251631617","replies":0,"retweets":10,"scraper_id":"scraper_suicide","text":"El #suicidio es un asunto de salud pública, y en México las #mujeres más vulnerables son las de 15 a 19 años de edad. ¡Cuídate! #ConadicTeEscucha /@DianaTejadilla","to":null,"username":"CONADICmx","about_suicide":1},{"_id":"5ef862b7331a5bfe11999599","id":"1275548974313848835","author_id":"1078284210744512512","date":"2020-06-23T21:59:08.000Z","favorites":0,"geo":"","permalink":"https://twitter.com/jgonzalonso/status/1275548974313848835","replies":0,"retweets":0,"scraper_id":"scraper_suicide","text":"Comunicación. Pide ayuda. #suicidio ","to":"EsPapageno","username":"jgonzalonso","about_suicide":1},{"_id":"5ef862b7331a5bfe119995a3","id":"1275532277208891393","author_id":280716481,"date":"2020-06-23T20:52:47.000Z","favorites":0,"geo":"","permalink":"https://twitter.com/consulmexsac/status/1275532277208891393","replies":0,"retweets":0,"scraper_id":"scraper_suicide","text":"El @CADeptEd pone a disposición de los jóvenes una línea disponible todos los días de 6-10pm @TEENLINEONLINE: (800) TLC-TEEN. #suicidio #LGBTQ #bullying y más. #mequedoencasa #saludmental #educacionparatodos","to":null,"username":"consulmexsac","about_suicide":1},{"_id":"5ef862b7331a5bfe119995a8","id":"1275532134229389314","author_id":161093540,"date":"2020-06-23T20:52:13.000Z","favorites":2,"geo":"","permalink":"https://twitter.com/SilvenVazques/status/1275532134229389314","replies":0,"retweets":2,"scraper_id":"scraper_suicide","text":"#Suicidio: mitos vs realidades ","to":null,"username":"SilvenVazques","about_suicide":1},{"_id":"5ef862b7331a5bfe119995ac","id":"1275530923782492160","author_id":386881965,"date":"2020-06-23T20:47:25.000Z","favorites":1,"geo":"","permalink":"https://twitter.com/Lferrersilva/status/1275530923782492160","replies":0,"retweets":1,"scraper_id":"scraper_suicide","text":"El @CADeptEd pone a disposición de los jóvenes una línea disponible todos los días de 6-10pm @TEENLINEONLINE: (800) TLC-TEEN. #suicidio #LGBTQ #bullying y más. #mequedoencasa #saludmental #educacionparatodos","to":null,"username":"Lferrersilva","about_suicide":1},{"_id":"5ef862b7331a5bfe119995b0","id":"1275524024609705984","author_id":82718109,"date":"2020-06-23T20:20:00.000Z","favorites":1,"geo":"","permalink":"https://twitter.com/LaGranEpoca/status/1275524024609705984","replies":2,"retweets":2,"scraper_id":"scraper_suicide","text":"#SteveBing, productor de cine y filántropo, que financió películas como “The Polar Express” o la cinta sobre Rolling Stones “Shine a Light”, murió al precipitarse desde un rascacielos en #LosÁngeles Autoridades investigan el suceso como aparente #suicidio.","to":null,"username":"LaGranEpoca","about_suicide":1},{"_id":"5ef862b7331a5bfe119995b4","id":"1275521197934096391","author_id":1436589091,"date":"2020-06-23T20:08:46.000Z","favorites":14,"geo":"","permalink":"https://twitter.com/psicopedia/status/1275521197934096391","replies":0,"retweets":3,"scraper_id":"scraper_suicide","text":" La realidad del #suicidio ","to":null,"username":"psicopedia","about_suicide":1},{"_id":"5ef862b7331a5bfe119995b8","id":"1275498715449626624","author_id":144898118,"date":"2020-06-23T18:39:26.000Z","favorites":0,"geo":"","permalink":"https://twitter.com/sariecheverria/status/1275498715449626624","replies":0,"retweets":0,"scraper_id":"scraper_suicide","text":"Aquí que se habla con tanta liviandad sobre la depresión y el suicidio, me pareció interesante este mitos VS Realidades. El suicidio se puede prevenir, así que guardense los juicios de valor y escuchen más #suicidio ","to":null,"username":"sariecheverria","about_suicide":1},{"_id":"5ef862b7331a5bfe119995bc","id":"1275489670907002882","author_id":538196102,"date":"2020-06-23T18:03:29.000Z","favorites":3,"geo":"","permalink":"https://twitter.com/sonriv/status/1275489670907002882","replies":1,"retweets":4,"scraper_id":"scraper_suicide","text":"Resumen: El suicidio: tabú inexplicable y asignatura pendiente, evento de @forodeforos. #Suicidio #Hablemos @GraziellaAlm @indagandoTV @anafuentesf @EsPapageno","to":null,"username":"sonriv","about_suicide":1},{"_id":"5ef862b7331a5bfe119995c0","id":"1275475557128515590","author_id":143848877,"date":"2020-06-23T17:07:24.000Z","favorites":0,"geo":"","permalink":"https://twitter.com/ElDiariodelaRep/status/1275475557128515590","replies":0,"retweets":0,"scraper_id":"scraper_suicide","text":"#EDPoliciales #Tucumán El hermano de la víctima encontró a la mujer sin vida en la vivienda que compartía con su femicida, Raúl Sierra, quien falleció en el hospital poco después. #Femicidio #Suicidio ","to":null,"username":"ElDiariodelaRep","about_suicide":1},{"_id":"5ef862b7331a5bfe119995c4","id":"1275471491753283584","author_id":142646733,"date":"2020-06-23T16:51:15.000Z","favorites":0,"geo":"","permalink":"https://twitter.com/DiarioCh/status/1275471491753283584","replies":0,"retweets":0,"scraper_id":"scraper_suicide","text":"#Femicidio #Suicidio #Tucumán Fue el hermano del hombre quien encontró muerta a la mujer y a su hermano agonizando en el comedor por lo que fue trasladado al hospital donde finalmente falleció.","to":null,"username":"DiarioCh","about_suicide":1},{"_id":"5ef862b7331a5bfe119995c8","id":"1275470695225528327","author_id":3238596147,"date":"2020-06-23T16:48:05.000Z","favorites":3,"geo":"","permalink":"https://twitter.com/SEDUPoficial/status/1275470695225528327","replies":0,"retweets":3,"scraper_id":"scraper_suicide","text":"¿Qué ha ocurrido con las ideas de muerte y la conducta suicida? Hipótesis #suicidio #WEBINAR_SEDUP","to":null,"username":"SEDUPoficial","about_suicide":1},{"_id":"5ef862b7331a5bfe119995cc","id":"1275458662232981505","author_id":27493797,"date":"2020-06-23T16:00:16.000Z","favorites":0,"geo":"","permalink":"https://twitter.com/salaslety/status/1275458662232981505","replies":0,"retweets":0,"scraper_id":"scraper_suicide","text":"Cómo lidiar con los pensamientos negativos (la forma saludable) #ansiedad #depresion #triste #saludmental #suicidio #health","to":null,"username":"salaslety","about_suicide":1},{"_id":"5ef862b7331a5bfe119995d0","id":"1275451346162876417","author_id":117036494,"date":"2020-06-23T15:31:12.000Z","favorites":2,"geo":"","permalink":"https://twitter.com/psiquiatriacom/status/1275451346162876417","replies":0,"retweets":1,"scraper_id":"scraper_suicide","text":"Mortalidad por suicidio y enfermedad por coronavirus 2019 #suicidio #COVID19 http://ow.ly/5S8E30qzuC9","to":null,"username":"psiquiatriacom","about_suicide":1},{"_id":"5ef862b7331a5bfe119995d4","id":"1275436524318806018","author_id":1286532732,"date":"2020-06-23T14:32:18.000Z","favorites":0,"geo":"","permalink":"https://twitter.com/TROVADORDIGITAL/status/1275436524318806018","replies":0,"retweets":0,"scraper_id":"scraper_suicide","text":"Hay que dedicar buen tiempo,a hacer gimnasia mental,ahora en esta cuarentena,es algo fundamental. #SaludParaTodos #SaludMental #SaludPública #CuarentenaExtendida #gimnasiacerebral #MeQuedoEnCasa #meditación #suicidio @OPSOMS_Col #Neurologia #COVIDー19 #SaludMentalEs #VidaSana","to":"elcolombiano","username":"TROVADORDIGITAL","about_suicide":1},{"_id":"5ef862b7331a5bfe119995d8","id":"1275431349931913222","author_id":86048943,"date":"2020-06-23T14:11:44.000Z","favorites":0,"geo":"","permalink":"https://twitter.com/jmpadillar/status/1275431349931913222","replies":0,"retweets":0,"scraper_id":"scraper_suicide","text":"Es necesario y urgente un protocolo de información periodística sobre fenómenos como el #suicidio...pues lo que se invisibiliza no existe...y si no existe es difícil de atacar #Información #Suicidio","to":null,"username":"jmpadillar","about_suicide":1},{"_id":"5ef862b7331a5bfe119995dc","id":"1275431283548700672","author_id":"994619888357531648","date":"2020-06-23T14:11:29.000Z","favorites":0,"geo":"","permalink":"https://twitter.com/Criptomonedaico/status/1275431283548700672","replies":0,"retweets":0,"scraper_id":"scraper_suicide","text":"El #suicidio #del #comerciante de ##Robinhood tendrá graves consecuencias #para #todos #los…","to":null,"username":"Criptomonedaico","about_suicide":1},{"_id":"5ef862b7331a5bfe119995e0","id":"1275419095232581633","author_id":"1140793553620262912","date":"2020-06-23T13:23:03.000Z","favorites":0,"geo":"","permalink":"https://twitter.com/caguamasydramas/status/1275419095232581633","replies":0,"retweets":0,"scraper_id":"scraper_suicide","text":"Tengamos conversaciones más sanas, más llenas de humildad & paz . . . #mente #menteycuerpo #salud #saludmental #saludmentalyemocional #saludemocional #saludyvida #sabiasque #informacion #suicidio #amistad… https://www.instagram.com/p/CBx3UN-ARvK/?igshid=1k4ujd5dc8xmw","to":null,"username":"caguamasydramas","about_suicide":1},{"_id":"5ef862b7331a5bfe119995e4","id":"1275392960188878849","author_id":272663826,"date":"2020-06-23T11:39:12.000Z","favorites":0,"geo":"","permalink":"https://twitter.com/nenagoin/status/1275392960188878849","replies":0,"retweets":0,"scraper_id":"scraper_suicide","text":"#ElvitaAdams #EmpireState Reposted from el_conocimiento SÍGUENOS para más CURIOSIDADES . . el_conocimiento . . Fuente: Publimetro Chile . #suicidio… https://www.instagram.com/p/CBxrbicFtld1r4hs2pDCNB94vVGaGWNHIK7GLM0/?igshid=1xw5ozyvd0e69","to":null,"username":"nenagoin","about_suicide":1},{"_id":"5ef862b7331a5bfe119995e8","id":"1275370836095098883","author_id":"803102095008301056","date":"2020-06-23T10:11:17.000Z","favorites":7,"geo":"","permalink":"https://twitter.com/stuartnene/status/1275370836095098883","replies":0,"retweets":0,"scraper_id":"scraper_suicide","text":"Buenos días banda madrugadora #Cerro #Fit #Deporte #Toyota #Addidas #Lagrimas #Suicidio","to":null,"username":"stuartnene","about_suicide":1},{"_id":"5ef862b7331a5bfe119995ec","id":"1275368878907035654","author_id":4438104442,"date":"2020-06-23T10:03:30.000Z","favorites":3,"geo":"","permalink":"https://twitter.com/Pountifisex/status/1275368878907035654","replies":0,"retweets":0,"scraper_id":"scraper_suicide","text":"Buenos días banda madrugadora #Cerro #Fit #Deporte #Toyota #Addidas #Lagrimas #Suicidio","to":null,"username":"Pountifisex","about_suicide":1},{"_id":"5ef862b7331a5bfe119995f0","id":"1275321333266735104","author_id":1389676339,"date":"2020-06-23T06:54:34.000Z","favorites":1,"geo":"","permalink":"https://twitter.com/60Madera/status/1275321333266735104","replies":0,"retweets":1,"scraper_id":"scraper_suicide","text":"#controlcoercitivo y #violenciapsicologica Muy sutil y dificil de acreditar pero sin duda muy cruel y peligroso para la víctima que en ocasiones se inclina por el #suicidio como unica salida. #ViolenciaDeGenero #NoMiresAotroLado #denúncialo 091 @policia #UFAM","to":"AAlvarezAlvarez","username":"60Madera","about_suicide":1},{"_id":"5ef862b7331a5bfe119995f4","id":"1275289153580593152","author_id":"1174512189043957761","date":"2020-06-23T04:46:42.000Z","favorites":0,"geo":"","permalink":"https://twitter.com/Patrici62146349/status/1275289153580593152","replies":0,"retweets":0,"scraper_id":"scraper_suicide","text":"Yo pienso que es #suicidio porque la mancha de la sangre se ve para arriba","to":"Luxbecerril1","username":"Patrici62146349","about_suicide":1},{"_id":"5ef862b8331a5bfe119995f8","id":"1275275943192526851","author_id":"1038615801983467521","date":"2020-06-23T03:54:12.000Z","favorites":3,"geo":"","permalink":"https://twitter.com/fedespiritachi/status/1275275943192526851","replies":0,"retweets":1,"scraper_id":"scraper_suicide","text":"El Suicidio es el título de la exposición que realizará Odette Letelier, Vicepresidenta de @CEEBuenaNueva y Presidenta de FEDECHI, Federación Espírita de Chile martes 23 20.00 hrs FacebookLive fedechi &amp; centroespirita.buenanueva #visionespirita #espirita #suicidio #fedechi","to":null,"username":"fedespiritachi","about_suicide":1},{"_id":"5ef862b8331a5bfe119995fc","id":"1275243256536797185","author_id":21090827,"date":"2020-06-23T01:44:19.000Z","favorites":0,"geo":"","permalink":"https://twitter.com/tatanGeorge/status/1275243256536797185","replies":0,"retweets":1,"scraper_id":"scraper_suicide","text":"En lo que va del año el #COVID19 es la mayor causa de muertes, seguido peligrosamente por el #Suicidio, otra “Pandemia” que debemos atacar. ","to":null,"username":"tatanGeorge","about_suicide":1},{"_id":"5ef862b8331a5bfe11999600","id":"1275225619631046662","author_id":"701445867262320640","date":"2020-06-23T00:34:14.000Z","favorites":0,"geo":"","permalink":"https://twitter.com/politicastafe/status/1275225619631046662","replies":0,"retweets":0,"scraper_id":"scraper_suicide","text":"DIPUTADA PROVINCIAL @MarlenSF_ok presentó un proyecto para prevenir el suicidio en niños y adolescentes #SantaFe #Diputada #Proyecto #Suicidio #Niños #Adolescentes","to":null,"username":"politicastafe","about_suicide":1},{"_id":"5ef862b8331a5bfe11999604","id":"1275224366737956864","author_id":272479819,"date":"2020-06-23T00:29:16.000Z","favorites":0,"geo":"","permalink":"https://twitter.com/farydelara/status/1275224366737956864","replies":0,"retweets":0,"scraper_id":"scraper_suicide","text":"Entre un 16% y 18% de niños de 11 años contemplan el #suicidio . Tú cómo cuidas a tus hijos? https://www.facebook.com/260904650697621/posts/2953666004754792/?d=n","to":null,"username":"farydelara","about_suicide":1},{"_id":"5ef862ba331a5bfe11999681","id":"1275492839502368769","author_id":"1128233717514813440","date":"2020-06-23T18:16:05.000Z","favorites":6,"geo":"","permalink":"https://twitter.com/AragonSup/status/1275492839502368769","replies":1,"retweets":0,"scraper_id":"scraper_suicide","text":"2/3 Lo que pasa es que se han movilizado por el #suicida que nos tiene en jaque un día sin otro durante el mes de #junio. Alguien debería tomar cartas en el asunto y tal vez asumir responsabilidades Al final tanto va el cántaro a la fuente que se rompe.","to":null,"username":"AragonSup","about_suicide":1},{"_id":"5ef862ba331a5bfe11999691","id":"1275284616811814914","author_id":"1019753394603343872","date":"2020-06-23T04:28:40.000Z","favorites":0,"geo":"","permalink":"https://twitter.com/TinteroBooks/status/1275284616811814914","replies":0,"retweets":0,"scraper_id":"scraper_suicide","text":"#TinteroPublishing te recomienda #Eldía de nuestro querido #TaoMijares. Atrévete a adentrarte en está historia llena de emociones.. Disponible por #Amazon #Eldía #Leeresvivir #TaoMijares #Leyendoando #Suicida… https://www.instagram.com/p/CBw6KXWhwqX/?igshid=85ta7vops18a","to":null,"username":"TinteroBooks","about_suicide":1},{"_id":"5ef862bd331a5bfe1199982d","id":"1275534611746033680","author_id":569180795,"date":"2020-06-23T21:02:04.000Z","favorites":0,"geo":"","permalink":"https://twitter.com/HSBnoticias/status/1275534611746033680","replies":0,"retweets":0,"scraper_id":"scraper_suicide","text":"#ENTRETENIMIENTO [FOTOS] #SteveBing se #suicidó a los 55 años y así lo despidió #ElizabethHurley","to":null,"username":"HSBnoticias","about_suicide":1},{"_id":"5ef862bd331a5bfe11999831","id":"1275474805521698819","author_id":1264016365,"date":"2020-06-23T17:04:25.000Z","favorites":0,"geo":"","permalink":"https://twitter.com/elcircotv/status/1275474805521698819","replies":0,"retweets":0,"scraper_id":"scraper_suicide","text":"\"EL CIRCO\":¡Hombre se #suicidó ahorcándose en #Ojuelos! https://noticieroelcirco.blogspot.com/2020/06/hombre-se-suicido-ahorcandose-en-ojuelos.html?spref=tw","to":null,"username":"elcircotv","about_suicide":1},{"_id":"5ef862bd331a5bfe11999835","id":"1275469323696365568","author_id":1264016365,"date":"2020-06-23T16:42:38.000Z","favorites":0,"geo":"","permalink":"https://twitter.com/elcircotv/status/1275469323696365568","replies":0,"retweets":0,"scraper_id":"scraper_suicide","text":"¡Hombre se #suicidó #ahorcándose en #Ojuelos! https://noticieroelcirco.com/hombre-se-suicido-ahorcandose-en-ojuelos/","to":null,"username":"elcircotv","about_suicide":1},{"_id":"5ef862d2331a5bfe11999bd9","id":"1275194604598460417","author_id":"1192217507035303937","date":"2020-06-22T22:31:00.000Z","favorites":0,"geo":"","permalink":"https://twitter.com/MoiSeulememt/status/1275194604598460417","replies":0,"retweets":0,"scraper_id":"scraper_suicide","text":"@DiazCanelB estamos cansados de la dictadura cubana!! #cubanlivesmatters #abajoladictaduracubana @ONU_es @Europarl_ES @USEmbCuba #Trump2020NowMoreThanEver #ComunismoEsMuerte #comunistasasesinos #AbajoElComunismo @PresidenciaCuba #ElCambioesYa #cuba #muerte #suicidio #Cuba","to":"DrAlvarezN","username":"MoiSeulememt","about_suicide":1},{"_id":"5ef862d2331a5bfe11999be1","id":"1275194120374571009","author_id":614594906,"date":"2020-06-22T22:29:04.000Z","favorites":2,"geo":"","permalink":"https://twitter.com/psicosomahuelva/status/1275194120374571009","replies":0,"retweets":1,"scraper_id":"scraper_suicide","text":"\"El #suicidio es la primera causa de muerte entre los jóvenes españoles\" https://bit.ly/2eAT7UQ","to":null,"username":"psicosomahuelva","about_suicide":1},{"_id":"5ef862d2331a5bfe11999be9","id":"1275191155362160640","author_id":134234830,"date":"2020-06-22T22:17:18.000Z","favorites":0,"geo":"","permalink":"https://twitter.com/AdrianaRuiz_1/status/1275191155362160640","replies":0,"retweets":0,"scraper_id":"scraper_suicide","text":"#Chihuahua | Encuentran a mujer sin vida al interior de vivienda al norte de la ciudad #AdrianaRuiz , #NoticiasChihuahua , #Suicidio , #Tragedia , #Policiaca , #CUU","to":null,"username":"AdrianaRuiz_1","about_suicide":1},{"_id":"5ef862d2331a5bfe11999bf1","id":"1275188700104753155","author_id":"1268760235256295426","date":"2020-06-22T22:07:32.000Z","favorites":0,"geo":"","permalink":"https://twitter.com/MasLiteraturaMX/status/1275188700104753155","replies":0,"retweets":0,"scraper_id":"scraper_suicide","text":"La obra de #AlejandraPizarnik es conocida por su tono melancólico, su estilo libre y su lenguaje directo. En vida sólo vio 12 #obras publicadas y ganó diversos premios internacionales. Sin embargo, su depresión la llevó al #suicidio, en 1972. #Pizarnik","to":null,"username":"MasLiteraturaMX","about_suicide":1},{"_id":"5ef862d2331a5bfe11999bf9","id":"1275174060343902213","author_id":153482560,"date":"2020-06-22T21:09:22.000Z","favorites":0,"geo":"","permalink":"https://twitter.com/SOLQR/status/1275174060343902213","replies":0,"retweets":0,"scraper_id":"scraper_suicide","text":"HOMBRE SE QUITA LA VIDA TRAS LANZARSE DE SEGUNDO PISO DE HOSPITAL #Noticias #Policíacas #Suicidio #Hospital #PlayaDelCarmen LEER:","to":null,"username":"SOLQR","about_suicide":1},{"_id":"5ef862d2331a5bfe11999c01","id":"1275154870409072641","author_id":"947997273816027137","date":"2020-06-22T19:53:06.000Z","favorites":8,"geo":"","permalink":"https://twitter.com/trihidrato/status/1275154870409072641","replies":0,"retweets":2,"scraper_id":"scraper_suicide","text":"Cuando mi amigo se suicidó, dejó escrita esta frases: éste mundo es para los fuertes. 1981. #DiaDelAbogado #suicidio","to":null,"username":"trihidrato","about_suicide":1},{"_id":"5ef862d2331a5bfe11999c08","id":"1275105015670202380","author_id":338654274,"date":"2020-06-22T16:35:00.000Z","favorites":0,"geo":"","permalink":"https://twitter.com/RCI_Espanol/status/1275105015670202380","replies":0,"retweets":0,"scraper_id":"scraper_suicide","text":"Continúa el alto índice de #suicidio entre ex militares canadienses #exmilitares #Canada #militaressuicidio #fuerzasArmadasCanada","to":null,"username":"RCI_Espanol","about_suicide":1},{"_id":"5ef862d2331a5bfe11999c11","id":"1275096414708740097","author_id":27493797,"date":"2020-06-22T16:00:50.000Z","favorites":0,"geo":"","permalink":"https://twitter.com/salaslety/status/1275096414708740097","replies":0,"retweets":0,"scraper_id":"scraper_suicide","text":"Cómo lidiar con los pensamientos negativos (la forma saludable) #ansiedad #depresion #triste #saludmental #suicidio #health","to":null,"username":"salaslety","about_suicide":1},{"_id":"5ef862d2331a5bfe11999c19","id":"1275081768651984896","author_id":1001816024,"date":"2020-06-22T15:02:38.000Z","favorites":2,"geo":"","permalink":"https://twitter.com/SebasPalaciosSP/status/1275081768651984896","replies":0,"retweets":3,"scraper_id":"scraper_suicide","text":"Escuchamos aportes del Dr. #GuillermoBastidas al Proyecto de Ley Orgánica del Sistema de Prevención del #Suicidio. Le consulté sobre la importancia del deporte para la salud mental. ¿Qué relación tiene el deporte con la prevención del suicidio? Escúchenlo ustedes ","to":null,"username":"SebasPalaciosSP","about_suicide":1},{"_id":"5ef862d2331a5bfe11999c22","id":"1275080955066118153","author_id":"865354495991087104","date":"2020-06-22T14:59:24.000Z","favorites":0,"geo":"","permalink":"https://twitter.com/5toPoderqroo/status/1275080955066118153","replies":0,"retweets":0,"scraper_id":"scraper_suicide","text":"MUERE REO EN LA CÁRCEL DE CANCÚN El interno de nombre Alejandro E. fue hallado muerto alrededor de las 22:30 horas de este domingo en su celda; se habría quitado la vida con unas pastillas https://quintopoderqrp.com/2020/06/22/muere-reo-en-la-carcel-de-cancun/ #Reo #CarcelCancun #Muerto #Suicidio ","to":null,"username":"5toPoderqroo","about_suicide":1},{"_id":"5ef862d2331a5bfe11999c27","id":"1275078918509219848","author_id":3010547663,"date":"2020-06-22T14:51:18.000Z","favorites":2,"geo":"","permalink":"https://twitter.com/LutoEnColores/status/1275078918509219848","replies":0,"retweets":2,"scraper_id":"scraper_suicide","text":"Taller para Transformar la Culpa. Sábado 4 de julio en Madrid. Grupo reducido. Dirigido a personas que han perdido a un ser querido por #suicidio. Más información: lutoencolores@gmail.com +34 699 058 626 http://www.lutoencolores.org #lutoencolores #duelo #muerte #vida","to":null,"username":"LutoEnColores","about_suicide":1},{"_id":"5ef862d2331a5bfe11999c2b","id":"1275078589709529088","author_id":618094149,"date":"2020-06-22T14:50:00.000Z","favorites":5,"geo":"","permalink":"https://twitter.com/consaludmental/status/1275078589709529088","replies":0,"retweets":6,"scraper_id":"scraper_suicide","text":" La @FundacionFEPS ha hecho un gran análisis y presentación de los datos sobre el #suicidio en #España con información muy necesaria para abordar esta problemática. Puedes leerlo en #BiblioSaludMental","to":null,"username":"consaludmental","about_suicide":1},{"_id":"5ef862d2331a5bfe11999c33","id":"1275078508041998339","author_id":16966331,"date":"2020-06-22T14:49:40.000Z","favorites":4,"geo":"","permalink":"https://twitter.com/diariodecuba/status/1275078508041998339","replies":0,"retweets":2,"scraper_id":"scraper_suicide","text":"Una versión barajada por vecinos atribuyó el presunto #suicidio a \"la desesperación que se vive en #Cuba y la falta de #alimentos\". https://diariodecuba.com/cuba/1592818877_23305.html","to":null,"username":"diariodecuba","about_suicide":1},{"_id":"5ef862d2331a5bfe11999c3b","id":"1275078503961030661","author_id":16966331,"date":"2020-06-22T14:49:39.000Z","favorites":11,"geo":"","permalink":"https://twitter.com/diariodecuba/status/1275078503961030661","replies":1,"retweets":17,"scraper_id":"scraper_suicide","text":"#Cuba: Dos personas murieron y otra fue hospitalizada tras la #explosión de una vivienda en San Antonio de los Baños, #Artemisa, en lo que es considerado un posible caso de #suicidio colectivo. https://diariodecuba.com/cuba/1592818877_23305.html","to":null,"username":"diariodecuba","about_suicide":1},{"_id":"5ef862d2331a5bfe11999c44","id":"1275075544887947271","author_id":373478095,"date":"2020-06-22T14:37:54.000Z","favorites":0,"geo":"","permalink":"https://twitter.com/DerechoSaludAN/status/1275075544887947271","replies":0,"retweets":0,"scraper_id":"scraper_suicide","text":"Guillermo Bastidas Tello, Médico en Neurociencias y salud mental “Se debe tomar enserio la problemática el #Suicidio. Tras de cada intento de suicidio hay un gran problema de #SaludMental; más cuando interviene el maltrato intrafamiliar” @cesarlitardo","to":null,"username":"DerechoSaludAN","about_suicide":1},{"_id":"5ef862d2331a5bfe11999c4d","id":"1275069660707184640","author_id":49287202,"date":"2020-06-22T14:14:31.000Z","favorites":0,"geo":"","permalink":"https://twitter.com/ManSalceda/status/1275069660707184640","replies":0,"retweets":0,"scraper_id":"scraper_suicide","text":"¡Un suicidio más, un joven menos! Mi post para esta semana. #SuicidePrevention #Suicidio @RobinhoodApp #Robinhood Apple Podcasts: https://podcasts.apple.com/mx/podcast/e07-un-suicidio-mas-un-joven-menos-alexander-kearns/id1512682646?i=1000479071629 Spotify: https://open.spotify.com/episode/755tvVZGampvGRKfKYxucT Overcast: https://overcast.fm/+bIPqPdFKU Blog:","to":null,"username":"ManSalceda","about_suicide":1},{"_id":"5ef862d2331a5bfe11999c56","id":"1275066014250594306","author_id":171928333,"date":"2020-06-22T14:00:02.000Z","favorites":1,"geo":"","permalink":"https://twitter.com/ninosdepapel/status/1275066014250594306","replies":0,"retweets":2,"scraper_id":"scraper_suicide","text":"#TemadelaSemana #Suicidio . Estos son algunos datos presentados por médicina legal acerca de los suicidios que se han reportado durante el tiempo de aislammiento que llevamos enn colombia. En el transucrso de la semana podrán conocer más sobre este tema. ","to":null,"username":"ninosdepapel","about_suicide":1},{"_id":"5ef862d2331a5bfe11999c5e","id":"1275061004808777729","author_id":373478095,"date":"2020-06-22T13:40:07.000Z","favorites":2,"geo":"","permalink":"https://twitter.com/DerechoSaludAN/status/1275061004808777729","replies":0,"retweets":1,"scraper_id":"scraper_suicide","text":"#GuillermoBastidas, Médico en Neurociencias y #saludmental, Master en enfermedades Neuropsiquiatras, ex Presidente del Colegio de Médicos de Tungurahua, presenta sus aportes y observaciones al “Proyecto de Ley Orgánica del Sistema de Prevención del #Suicidio\" ","to":null,"username":"DerechoSaludAN","about_suicide":1},{"_id":"5ef862d2331a5bfe11999c66","id":"1275044712307712000","author_id":277705059,"date":"2020-06-22T12:35:23.000Z","favorites":9,"geo":"","permalink":"https://twitter.com/MCavanillas/status/1275044712307712000","replies":0,"retweets":1,"scraper_id":"scraper_suicide","text":" Imprescindible en el abordaje de la intervención en tentativa de #suicidio ","to":"str782","username":"MCavanillas","about_suicide":1},{"_id":"5ef862d2331a5bfe11999c6e","id":"1275002597963755520","author_id":16966331,"date":"2020-06-22T09:48:02.000Z","favorites":13,"geo":"","permalink":"https://twitter.com/diariodecuba/status/1275002597963755520","replies":0,"retweets":10,"scraper_id":"scraper_suicide","text":"#Cuba: Dos personas murieron y otra fue hospitalizada tras la #explosión de una vivienda en San Antonio de los Baños, #Artemisa, en lo que es considerado un posible caso de #suicidio colectivo. ","to":null,"username":"diariodecuba","about_suicide":1},{"_id":"5ef862d2331a5bfe11999c76","id":"1274987637095444480","author_id":"986231508171198464","date":"2020-06-22T08:48:35.000Z","favorites":4,"geo":"","permalink":"https://twitter.com/ZeroSuicidioPol/status/1274987637095444480","replies":0,"retweets":3,"scraper_id":"scraper_suicide","text":" Compartimos publicación de @EsPapageno sobre el I HACKATHON INTERNACIONAL ONLINE SOBRE #PREVENCIÓN Y #POSTVENCIÓN DEL #SUICIDIO EN LA INFANCIA Y EN LA ADOLESCENCIA ¿Cuándo? 9-11 de SEPTIEMBRE ¿Dónde? http://prevencionsuicidio.school/tienda?v=52032b23cba2","to":"EsPapageno","username":"ZeroSuicidioPol","about_suicide":1},{"_id":"5ef862d2331a5bfe11999c7e","id":"1274961584650170368","author_id":387960391,"date":"2020-06-22T07:05:04.000Z","favorites":9,"geo":"","permalink":"https://twitter.com/ActivaMent/status/1274961584650170368","replies":0,"retweets":3,"scraper_id":"scraper_suicide","text":"La #RentaBásicaUniversal es la mejor garantía para nuestra #SaludMental. https://bit.ly/2UJzjD7 #Suicidio #Pobreza #Desempleo #PrecariedadTrabajo #CuidadosPersonales #Depresión #Trabajo #FormaControl #BajaAutoestima #Estrés #Adicciones #BienestarComún #PoderNegociación","to":null,"username":"ActivaMent","about_suicide":1},{"_id":"5ef862d2331a5bfe11999c86","id":"1274914578594279425","author_id":927156282,"date":"2020-06-22T03:58:16.000Z","favorites":0,"geo":"","permalink":"https://twitter.com/cadena_noticias/status/1274914578594279425","replies":0,"retweets":0,"scraper_id":"scraper_suicide","text":"#REGIONAL | #SUICIDIO | de vestimenta camiseta tipo polo color rosa, pantalón de mezclilla color azul y tenis color negros, no tiene tatuajes visibles. ","to":null,"username":"cadena_noticias","about_suicide":1},{"_id":"5ef862d2331a5bfe11999c8d","id":"1274872864949370880","author_id":"1251285152996696067","date":"2020-06-22T01:12:31.000Z","favorites":5,"geo":"","permalink":"https://twitter.com/Tkivocas/status/1274872864949370880","replies":1,"retweets":2,"scraper_id":"scraper_suicide","text":"El solo hecho de #visibilizar algo tan normal como ser #gay, #lesbiana, #bisexual o cualquiera de las indentidades sexuales que existan, ayuda a que niños y niñas no tomen trágicas decisiones como el #suicidio por la falta de aceptación en la #sociedad","to":null,"username":"Tkivocas","about_suicide":1},{"_id":"5ef862d2331a5bfe11999c93","id":"1274862443370553346","author_id":150407672,"date":"2020-06-22T00:31:06.000Z","favorites":1,"geo":"","permalink":"https://twitter.com/ID_AMS/status/1274862443370553346","replies":0,"retweets":0,"scraper_id":"scraper_suicide","text":"para reflexionar #SaludMental #COVID #suicidio #Psicología #MentalHealthMatters","to":"juliacastrov","username":"ID_AMS","about_suicide":1},{"_id":"5ef862d5331a5bfe11999d03","id":"1275135617576374272","author_id":993495488,"date":"2020-06-22T18:36:36.000Z","favorites":0,"geo":"","permalink":"https://twitter.com/IamRosvin/status/1275135617576374272","replies":0,"retweets":0,"scraper_id":"scraper_suicide","text":"No se si suicidarme o seguir vivo pero creo es igual... #RosvinMarroquin #rap #frasesdeldia #suicida #frasespoeticas #vida #ansiedad #sociedad #music #like4likes #likesxlikes #likeforlikes #followforfollowback https://www.instagram.com/p/CBv2Z1MhsqB/?igshid=ee48i0h9oj0o","to":null,"username":"IamRosvin","about_suicide":1}]